Number,Post content,Post link,Image ID,User Prediction,Classifier response,Platform
1,a,a,a,a,,
2,Test,,8c97a818-7753-4681-a484-80763ca82289.png,A,,
3,Test,,0608280e-e0de-43e8-a902-eae856dcba8d.png,A,,
4,Test,,5d122fce-802b-42ed-b68e-75141b1bfd84.png,A,,
5,Test,,868ba7e7-eace-49db-92de-3062e1626983.png,A,,
6,Test,,e330cd27-ae17-41d0-ad57-df1d4c339dca.png,A,,
7,Test,,2e23f094-a021-470e-9775-aee3a536ecad.png,A,,
8,Test,,56e2f3d0-d7b7-43d0-980d-a4447370017f.png,A,,
9,Test,,2cdb924d-11da-4c7a-97b9-788e6a99fcbb.png,A,,
10,Test,,47cde24a-a8c0-475d-9315-e3689b43acc9.png,A,,
11,Test,,12e6c59c-c995-4c41-b799-f2b51f48900c.png,A,,
12,Test,,c696d37e-1613-4f43-9a4c-812b1a2f395e.png,A,,
13,Test,,049e20e8-337a-431e-9b84-d43c80b9634d.png,A,,
14,Test,,85b620aa-42ca-4c38-8a99-53f6758d9173.png,A,,
15,Test,,cc121db0-786e-425f-bbba-a60e32c0d132.png,A,,
16,Test,,4cc46548-1dbc-4721-9aaf-ab7f78193b88.png,A,,
17,Test,,349fef30-9fa3-4f19-9262-f20babd42e6f.png,A,,
18,Test,,6fcf9939-5f55-43f2-ad45-c16e8bb1a078.png,A,,
19,Test,,9a334885-3d1d-49ca-a3bd-43445add3848.png,A,,
20,Test,,40eb9a09-f5d4-4936-9392-5973770aa3a2.png,A,,
21,Test,,d5f1beab-92b3-4a2d-8680-d42f25ebc4ee.png,A,,
22,Test,,8bac8106-1e72-4632-a22d-56c0d461f3fd.png,A,,
23,Test,,be236072-d32c-475b-a1d3-93b6114698c5.png,A,,
24,Test,,bf992ff1-398b-4905-b1c3-bf69fe3251c0.png,A,,
25,Test,,69730a10-ad6c-4de4-a8a8-ce2aa9e5e183.png,A,,
26,Test,,fa0b66b5-0c1d-419a-ae7a-b029ed6c47f4.png,A,,
27,Test,,d69abdb3-7ba6-45b1-8050-4d61be7ac2b8.png,A,,
28,Test,,950e11c2-c249-477a-9ac0-bbb29d9a3b55.png,A,,
29,Test,,bb97313d-818f-4464-b029-e81c2572c7bc.png,A,,
30,Test,,27444667-5030-4228-a28f-cc7d37aca1c7.png,A,,
31,Test,,3ad4e383-fe1a-4847-acbe-5d1557d9e402.png,A,,
32,Test,,fd9666a5-6bdb-4222-9bd0-be197fdd0ba0.png,A,,
33,Test,,c33c5153-cc62-4749-b83a-7c85c05dd122.png,A,,
34,Test,,e1cffe8c-3c70-4426-9f4a-203695b8b45b.png,A,,
35,Test,,fdb8dd72-b4d9-4f32-831d-e3bf33d2b381.png,A,,
36,Test,,7aeffb7b-b672-4d41-92b8-0ced797ad4dc.png,A,,
37,Test,,c2bafc5d-7170-43a1-95d6-fe9e28b9c50b.png,A,,
38,Test,,d4c5c141-b932-4356-b604-0e71608bacd3.png,A,,
39,Test,,882b7fb9-f215-4fe8-8fd3-cdd6509ded9b.png,A,,
40,Test,,e6c357a2-fa0b-4c50-bda2-b018ad754dd4.png,A,,
41,Test,,14273aa2-0079-4e6f-8a92-1ae71c7c3cc5.png,A,,
42,Test,,9413fc37-fb93-48a1-b6c7-a40077c935c8.png,A,,
43,Test,,0ad758f8-bdca-4322-818b-c739965caf79.png,A,,
44,Test,,b55d0e58-4d70-4528-aa1e-826f638b966b.png,A,,
45,Test,,44f148a6-0851-4e22-b410-576d0e99a161.png,A,,
46,Test,,9d187642-a7a2-408c-8ca9-db8f63402d32.png,A,,
47,Test,,16b3fe0a-b1fa-482f-98d0-1f75bd75adba.png,A,,
48,Test,,6acd9207-7015-49b2-a5d8-61686252716f.png,A,,
49,Test,,c805b642-dc60-4bd5-b2a5-80473f1c4e11.png,A,,
50,Test,badPlace.com,b688ee54-15b5-4e7b-96c7-c35a22cf6171.png,A,,
51,Test,badPlace.com,256c0846-85b1-4758-8a6c-f4d39ff78385.png,A,,
52,Test,badPlace.com,9cd9b407-fec6-418e-8e04-a2a6c5bd91ff.png,A,,
53,Test,badPlace.com,7e11dc07-5bb2-4696-ab43-b24a07ee77ec.png,A,,
54,Test,badPlace.com,d0e6b0c8-3f2e-4349-8229-2bd37e7f13d6.png,A,,
55,Test,badPlace.com,5159d5cd-421b-4f10-ad13-1be2a2baa552.png,A,,
56,Test,badPlace.com,2204bf8a-5585-410f-b667-b1f0d081d6c1.png,A,,
57,Test,badPlace.com,a33a041b-d266-409d-bad7-69eface95cca.png,A,,
58,Test,badPlace.com,36ecadc7-ba80-4af0-b4c9-28d1e4e56459.png,A,,
